,Date,Gold,Zinc,Platinum,Silver,Tin,Copper,Year,Month,Date
0,1960M01,35.27,260.8,83.5,0.91,2180.4,715.4,1960,1,1960M01
1,1960M02,35.27,244.9,83.5,0.91,2180.4,728.19,1960,2,1960M02
2,1960M03,35.27,248.7,83.5,0.91,2173.8,684.94,1960,3,1960M03
3,1960M04,35.27,254.6,83.5,0.91,2178.2,723.11,1960,4,1960M04
4,1960M05,35.27,253.8,83.5,0.91,2162.7,684.75,1960,5,1960M05
5,1960M06,35.27,249.8,83.5,0.91,2184.8,691.59,1960,6,1960M06
6,1960M07,35.27,248.7,83.5,0.91,2248.7,702.39,1960,7,1960M07
7,1960M08,35.27,241,83.5,0.91,2204.6,675.94,1960,8,1960M08
8,1960M09,35.27,240.1,83.5,0.91,2226.7,647.06,1960,9,1960M09
9,1960M10,35.27,242.3,83.5,0.91,2226.7,612.66,1960,10,1960M10
10,1960M11,35.27,241.4,83.5,0.91,2204.6,642.13,1960,11,1960M11
11,1960M12,35.27,228.2,83.5,0.91,2189.2,636.91,1960,12,1960M12
12,1961M01,35.25,218,83.5,0.91,2162.7,606.71,1961,1,1961M01
13,1961M02,35.25,228.2,83.5,0.91,2187,616.63,1961,2,1961M02
14,1961M03,35.25,233.2,83.5,0.91,2248.7,621.26,1961,3,1961M03
15,1961M04,35.25,231.3,83.5,0.91,2308.2,631.84,1961,4,1961M04
16,1961M05,35.25,227.1,83.5,0.91,2376.6,668.44,1961,5,1961M05
17,1961M06,35.25,217.8,83.5,0.91,2467,652.12,1961,6,1961M06
18,1961M07,35.25,214.7,83.5,0.91,2519.9,633.39,1961,7,1961M07
19,1961M08,35.25,210.8,83.5,0.91,2605.9,636.47,1961,8,1961M08
20,1961M09,35.25,203.7,83.5,0.91,2630.1,632.72,1961,9,1961M09
21,1961M10,35.25,198.2,83.5,0.91,2605.9,630.3,1961,10,1961M10
22,1961M11,35.25,191.8,83.5,0.92,2667.6,632.28,1961,11,1961M11
23,1961M12,35.25,196.9,83.5,1.03,2619.1,634.85,1961,12,1961M12
24,1962M01,35.23,193.6,83.5,1.04,2610.3,635.37,1962,1,1962M01
25,1962M02,35.23,189.6,83.5,1.02,2623.5,647.94,1962,2,1962M02
26,1962M03,35.23,191.4,83.5,1.02,2652.2,647.5,1962,3,1962M03
27,1962M04,35.23,191.4,83.5,1.02,2614.7,645.95,1962,4,1962M04
28,1962M05,35.23,188.5,83.5,1.02,2533.1,645.73,1962,5,1962M05
29,1962M06,35.23,184.7,83.5,1.02,2414.1,645.51,1962,6,1962M06
30,1962M07,35.23,182.1,83.5,1.04,2376.6,645.51,1962,7,1962M07
31,1962M08,35.23,178.1,83.5,1.08,2350.1,645.51,1962,8,1962M08
32,1962M09,35.23,176.6,83.5,1.15,2350.1,645.51,1962,9,1962M09
33,1962M10,35.23,181.9,83.5,1.21,2358.9,645.95,1962,10,1962M10
34,1962M11,35.23,188.5,83.5,1.19,2407.4,645.51,1962,11,1962M11
35,1962M12,35.23,184.7,83.5,1.2,2365.6,645.73,1962,12,1962M12
36,1963M01,35.09,186.3,83.5,1.24,2350.1,645.51,1963,1,1963M01
37,1963M02,35.09,191.6,83.5,1.26,2350.1,645.51,1963,2,1963M02
38,1963M03,35.09,197.5,83.5,1.27,2358.9,645.51,1963,3,1963M03
39,1963M04,35.09,204.4,78.5,1.27,2427.3,645.73,1963,4,1963M04
40,1963M05,35.09,209.4,78.5,1.28,2495.6,645.51,1963,5,1963M05
41,1963M06,35.09,209.2,78.5,1.28,2500,645.73,1963,6,1963M06
42,1963M07,35.09,204.8,78.5,1.29,2482.4,645.51,1963,7,1963M07
43,1963M08,35.09,210.3,78.95,1.29,2495.6,645.51,1963,8,1963M08
44,1963M09,35.09,211.2,80.75,1.29,2572.8,645.51,1963,9,1963M09
45,1963M10,35.09,220.9,80.5,1.29,2590.4,645.51,1963,10,1963M10
46,1963M11,35.09,231.5,82.97,1.29,2687.4,645.73,1963,11,1963M11
47,1963M12,35.09,261,83.5,1.29,2782.2,650.14,1963,12,1963M12
48,1964M01,35.1,264.1,88.27,1.29,2872.6,655.65,1964,1,1964M01
49,1964M02,35.1,270.5,88.5,1.29,3060,693.79,1964,2,1964M02
50,1964M03,35.1,277.1,88.5,1.29,2958.6,745.16,1964,3,1964M03
51,1964M04,35.1,298.7,88.5,1.29,2879.2,861.56,1964,4,1964M04
52,1964M05,35.1,343,88.5,1.29,2910.1,828.28,1964,5,1964M05
53,1964M06,35.1,357.1,88.5,1.29,3265,808.43,1964,6,1964M06
54,1964M07,35.1,385.1,88.5,1.29,3452.4,854.95,1964,7,1964M07
55,1964M08,35.1,345.2,88.5,1.29,3512,999.33,1964,8,1964M08
56,1964M09,35.1,355.1,88.5,1.29,3933,1162.05,1964,9,1964M09
57,1964M10,35.1,334.4,88.5,1.29,4371.8,1358.27,1964,10,1964M10
58,1964M11,35.1,344.6,88.5,1.29,4105,1400.37,1964,11,1964M11
59,1964M12,35.1,343,88.5,1.29,3633.2,1269.2,1964,12,1964M12
60,1965M01,35.12,322.3,93,1.29,3456.8,1000.68,1965,1,1965M01
61,1965M02,35.12,320.3,98.5,1.29,3390.7,1179.91,1965,2,1965M02
62,1965M03,35.12,315.9,98.5,1.29,3584.7,1237.23,1965,3,1965M03
63,1965M04,35.12,315.9,98.5,1.29,3944.1,1348.34,1965,4,1965M04
64,1965M05,35.12,323.4,98.5,1.29,4215.2,1378.55,1965,5,1965M05
65,1965M06,35.12,314.4,98.5,1.29,4131.5,1308.88,1965,6,1965M06
66,1965M07,35.12,310.4,98.5,1.29,3966.1,1134.06,1965,7,1965M07
67,1965M08,35.12,303.6,98.5,1.29,4091.8,1209.9,1965,8,1965M08
68,1965M09,35.12,299.6,98.5,1.29,4208.6,1327.84,1965,9,1965M09
69,1965M10,35.12,307.8,98.5,1.29,4010.2,1401.92,1965,10,1965M10
70,1965M11,35.12,298.7,98.5,1.29,3820.6,1469.16,1965,11,1965M11
71,1965M12,35.12,302.7,98.5,1.29,3869.1,1517.66,1965,12,1965M12
72,1966M01,35.13,302.7,98.5,1.29,3926.4,1679.04,1966,1,1966M01
73,1966M02,35.13,299.8,98.5,1.29,3877.9,1874.37,1966,2,1966M02
74,1966M03,35.13,300.7,99.65,1.29,3772.1,1874.81,1966,3,1966M03
75,1966M04,35.13,278.7,100,1.29,3763.3,1907.44,1966,4,1966M04
76,1966M05,35.13,270,100,1.29,3688.3,1663.61,1966,5,1966M05
77,1966M06,35.13,272.1,100,1.29,3516.4,1695.79,1966,6,1966M06
78,1966M07,35.13,264.6,100,1.29,3514.2,1567.93,1966,7,1966M07
79,1966M08,35.13,264.6,100,1.29,3428.2,1195.34,1966,8,1966M08
80,1966M09,35.13,270.5,100,1.29,3377.5,1128.32,1966,9,1966M09
81,1966M10,35.13,276,100,1.29,3362,1275.37,1966,10,1966M10
82,1966M11,35.13,288.1,100,1.29,3320.2,1301.61,1966,11,1966M11
83,1966M12,35.13,285.5,100,1.29,3335.6,1214.53,1966,12,1966M12
84,1967M01,34.95,279.5,102.93,1.29,3302.5,1243.85,1967,1,1967M01
85,1967M02,34.95,282.2,110.5,1.29,3309.1,1220.48,1967,2,1967M02
86,1967M03,34.95,279.3,110.5,1.29,3318,1098.34,1967,3,1967M03
87,1967M04,34.95,272.1,110.5,1.29,3351,994.72,1967,4,1967M04
88,1967M05,34.95,275.1,110.5,1.3,3357.6,1036.17,1967,5,1967M05
89,1967M06,34.95,274.3,110.5,1.3,3366.5,1015.22,1967,6,1967M06
90,1967M07,34.95,267.2,110.5,1.59,3362,997.37,1967,7,1967M07
91,1967M08,34.95,268.7,110.5,1.75,3291.5,1044.55,1967,8,1967M08
92,1967M09,34.95,264.6,110.5,1.68,3267.2,1060.2,1967,9,1967M09
93,1967M10,34.95,263.9,110.5,1.79,3280.5,1138.47,1967,10,1967M10
94,1967M11,34.95,287,110.5,1.95,3298.1,1443.81,1967,11,1967M11
95,1967M12,34.95,266.1,115.05,2.06,3192.3,1324.09,1967,12,1967M12
96,1968M01,35.5,262.8,114,1.99,3126.2,1408.75,1968,1,1968M01
97,1968M02,36,259.7,111.5,1.85,3110.7,1719.82,1968,2,1968M02
98,1968M03,37,257.5,111.5,2.18,3112.9,1701.08,1968,3,1968M03
99,1968M04,37.86,258.2,111.5,2.2,3106.3,1255.09,1968,4,1968M04
100,1968M05,40.7,261.5,111.5,2.38,3084.3,1096.58,1968,5,1968M05
101,1968M06,41.14,262.1,111.5,2.46,3084.3,1136.7,1968,6,1968M06
102,1968M07,39.46,265.7,122.5,2.31,3075.4,1054.25,1968,7,1968M07
103,1968M08,39.19,269,122.5,2.19,3062.2,1056.45,1968,8,1968M08
104,1968M09,40.18,263,122.5,2.21,3071,1110.03,1968,9,1968M09
105,1968M10,39.21,262.1,122.5,1.97,3110.7,1079.82,1968,10,1968M10
106,1968M11,39.78,264.1,122.5,2.02,3320.2,1099.88,1968,11,1968M11
107,1968M12,41.08,269,122.5,1.96,3258.4,1184.98,1968,12,1968M12
108,1969M01,42.3,269.4,122.5,1.98,3227.6,1255.53,1969,1,1969M01
109,1969M02,42.6,267.4,122.5,1.84,3245.2,1285.29,1969,2,1969M02
110,1969M03,43.16,271.6,122.5,1.83,3243,1278.46,1969,3,1969M03
111,1969M04,43.31,272.7,122.5,1.78,3304.7,1388.03,1969,4,1969M04
112,1969M05,43.46,278.9,122.5,1.76,3355.4,1392.44,1969,5,1969M05
113,1969M06,41.44,281.3,122.5,1.65,3379.7,1483.04,1969,6,1969M06
114,1969M07,41.76,283.7,122.5,1.62,3439.2,1453.95,1969,7,1969M07
115,1969M08,41.09,293.9,122.5,1.65,3470.1,1606.73,1969,8,1969M08
116,1969M09,40.87,299.4,122.5,1.79,3470.1,1578.95,1969,9,1969M09
117,1969M10,40.44,298.9,122.75,1.87,3534,1554.48,1969,10,1969M10
118,1969M11,37.4,309.5,132.5,1.92,3642,1631.42,1969,11,1969M11
119,1969M12,35.17,310.2,132.5,1.81,3818.4,1699.76,1969,12,1969M12
120,1970M01,34.94,302.4,132.5,1.88,3842.7,1626.3,1970,1,1970M01
121,1970M02,34.99,298,132.5,1.9,3767.7,1657.2,1970,2,1970M02
122,1970M03,35.09,296,132.5,1.89,3796.4,1754,1970,3,1970M03
123,1970M04,35.62,293.4,132.5,1.85,3849.3,1741.6,1970,4,1970M04
124,1970M05,35.95,291.7,132.5,1.67,3736.8,1597.9,1970,5,1970M05
125,1970M06,35.42,293.2,132.5,1.64,3542.8,1458,1970,6,1970M06
126,1970M07,35.32,298.1,132.5,1.69,3498.7,1366.6,1970,7,1970M07
127,1970M08,35.38,298.1,132.5,1.8,3620,1266.5,1970,8,1970M08
128,1970M09,36.19,300,132.5,1.8,3646.4,1246.9,1970,9,1970M09
129,1970M10,37.52,296.5,132.5,1.75,3668.5,1142.4,1970,10,1970M10
130,1970M11,37.44,293.2,132.5,1.76,3615.6,1085.3,1970,11,1970M11
131,1970M12,37.44,289.2,132.5,1.63,3496.5,1045.7,1970,12,1970M12
132,1971M01,37.88,284.6,129,1.64,3465.7,1010,1971,1,1971M01
133,1971M02,38.74,272.1,122.5,1.6,3463.5,1020.2,1971,2,1971M02
134,1971M03,38.87,283.7,122.5,1.67,3527.4,1144.1,1971,3,1971M03
135,1971M04,39.01,283.5,122.5,1.73,3562.7,1251.5,1971,4,1971M04
136,1971M05,40.52,287.7,122.5,1.67,3520.8,1114.4,1971,5,1971M05
137,1971M06,40.1,308.6,122.5,1.61,3448,1074.2,1971,6,1971M06
138,1971M07,40.95,317.6,122.5,1.58,3456.8,1115.3,1971,7,1971M07
139,1971M08,42.71,322.5,122.5,1.59,3478.9,1097.9,1971,8,1971M08
140,1971M09,42.03,311.2,122.5,1.42,3525.2,1056.4,1971,9,1971M09
141,1971M10,42.5,336.6,122.5,1.34,3489.9,1041.2,1971,10,1971M10
142,1971M11,42.86,344.4,122.5,1.32,3534,1013.9,1971,11,1971M11
143,1971M12,43.48,358.9,122.5,1.39,3670.7,1037.9,1971,12,1971M12
144,1972M01,45.75,379.8,122.5,1.47,3626.6,1078,1972,1,1972M01
145,1972M02,48.26,389.7,122.5,1.5,3631,1112.4,1972,2,1972M02
146,1972M03,48.33,397.4,122.5,1.54,3789.7,1108.2,1972,3,1972M03
147,1972M04,49.03,395,122.5,1.57,3844.9,1133,1972,4,1972M04
148,1972M05,54.62,386.2,122.5,1.58,3765.5,1106.4,1972,5,1972M05
149,1972M06,62.09,371,122.5,1.57,3741.2,1063.2,1972,6,1972M06
150,1972M07,65.66,363.7,128,1.74,3732.4,1034.6,1972,7,1972M07
151,1972M08,67.03,363.5,132.5,1.85,3754.5,1046.7,1972,8,1972M08
152,1972M09,65.46,368.4,132.5,1.78,3803,1060.6,1972,9,1972M09
153,1972M10,64.86,363.7,132.5,1.81,3758.9,917.5,1972,10,1972M10
154,1972M11,62.91,378.9,132.5,1.83,3701.6,1007.1,1972,11,1972M11
155,1972M12,63.91,375,132.5,1.98,3730.2,1024.4,1972,12,1972M12
156,1973M01,65.14,387,132.5,2.02,3789.7,1119,1973,1,1973M01
157,1973M02,74.2,422,141.97,2.24,4027.8,1243.6,1973,2,1973M02
158,1973M03,84.37,474,152.5,2.31,4288,1509.5,1973,3,1973M03
159,1973M04,90.5,513,152.5,2.21,4270.3,1588.4,1973,4,1973M04
160,1973M05,101.96,549,152.5,2.4,4347.5,1552.2,1973,5,1973M05
161,1973M06,120.12,656,152.5,2.62,4530.5,1748.7,1973,6,1973M06
162,1973M07,120.17,842,152.5,2.71,4962.6,2021.2,1973,7,1973M07
163,1973M08,106.76,914,152.5,2.64,5004.5,2123,1973,8,1973M08
164,1973M09,102.97,976,155.24,2.68,5011.1,1936.1,1973,9,1973M09
165,1973M10,100.08,1163,160.5,2.89,5359.4,2065.3,1973,10,1973M10
166,1973M11,94.92,1625,160.5,2.86,5573.3,2273,1973,11,1973M11
167,1973M12,106.72,1623,160.5,3.14,6461.7,2244.3,1973,12,1973M12
168,1974M01,129.19,1330,162.68,3.64,6503.6,2032.4,1974,1,1974M01
169,1974M02,150.13,1516,172.5,5.36,7418.5,2291.7,1974,2,1974M02
170,1974M03,168.42,1630,172.5,5.33,8218.8,2743.4,1974,3,1974M03
171,1974M04,172.24,1743,172.5,5.04,9206.5,3031.8,1974,4,1974M04
172,1974M05,163.27,1782,174.55,5.43,9305.7,2875.7,1974,5,1974M05
173,1974M06,154.1,1410,195,4.9,9041.1,2440,1974,6,1974M06
174,1974M07,142.98,1097,195,4.42,8547.3,1919.1,1974,7,1974M07
175,1974M08,154.64,1066,195,4.43,8787.6,1802.9,1974,8,1974M08
176,1974M09,151.75,911,195,4.05,9166.8,1460.5,1974,9,1974M09
177,1974M10,158.78,825,195,4.83,7409.7,1398.8,1974,10,1974M10
178,1974M11,181.66,794,195,4.69,7403.1,1416.7,1974,11,1974M11
179,1974M12,183.78,771,195,4.39,7202.5,1289,1974,12,1974M12
180,1975M01,176.27,799,195,4.19,7676.5,1211.2,1975,1,1975M01
181,1975M02,179.6,794,180.53,4.37,7557.4,1266.5,1975,2,1975M02
182,1975M03,178.16,803,175,4.33,7383.3,1344.2,1975,3,1975M03
183,1975M04,169.84,783,163.06,4.21,7129.7,1329.2,1975,4,1975M04
184,1975M05,167.39,747,160,4.54,6898.3,1253.8,1975,5,1975M05
185,1975M06,164.24,751,160,4.49,6926.9,1193,1975,6,1975M06
186,1975M07,165.17,707,162.73,4.7,6810.1,1222.4,1975,7,1975M07
187,1975M08,163,737,175,4.93,6774.8,1277.1,1975,8,1975M08
188,1975M09,144.17,724,175,4.52,6558.7,1210.1,1975,9,1975M09
189,1975M10,142.79,706,172.17,4.33,6347.1,1178.8,1975,10,1975M10
190,1975M11,142.42,705,160,4.33,6281,1179.7,1975,11,1975M11
191,1975M12,139.3,686,160,4.08,6175.1,1151,1975,12,1975M12
192,1976M01,131.05,692,160,4.06,6241.3,1193,1976,1,1976M01
193,1976M02,131.06,690,160,4.09,6508,1219,1976,2,1976M02
194,1976M03,132.76,728,160,4.19,6902.7,1329,1976,3,1976M03
195,1976M04,127.94,789,160,4.36,7123.1,1510,1976,4,1976M04
196,1976M05,126.92,774,160,4.49,7449.4,1512,1976,5,1976M05
197,1976M06,125.71,750,163.54,4.81,7766.9,1550,1976,6,1976M06
198,1976M07,117.73,776,171.12,4.76,8496.6,1647,1976,7,1976M07
199,1976M08,109.93,741,156.15,4.28,8084.3,1539,1976,8,1976M08
200,1976M09,114.15,712,158.24,4.3,7960.9,1459,1976,9,1976M09
201,1976M10,116.15,639,157.9,4.22,7971.9,1285,1976,10,1976M10
202,1976M11,130.46,604,156.83,4.35,8121.8,1279,1976,11,1976M11
203,1976M12,133.93,642,151.99,4.36,8399.6,1287,1976,12,1976M12
204,1977M01,132.26,692,154.55,4.42,9486.5,1396,1977,1,1977M01
205,1977M02,136.24,703,161.27,4.53,10227.2,1426,1977,2,1977M02
206,1977M03,148.23,719,162.99,4.87,10372.7,1515,1977,3,1977M03
207,1977M04,149.17,655,160.74,4.79,9596.7,1429,1977,4,1977M04
208,1977M05,146.61,611,156.55,4.7,9843.6,1371,1977,5,1977M05
209,1977M06,140.78,542,150.36,4.48,9627.6,1312,1977,6,1977M06
210,1977M07,143.39,542,149.57,4.53,10416.8,1248,1977,7,1977M07
211,1977M08,144.94,520,148.86,4.47,11309.7,1160,1977,8,1977M08
212,1977M09,149.53,518,150.33,4.54,11157.6,1195,1977,9,1977M09
213,1977M10,158.95,511,157.62,4.76,12153.8,1210,1977,10,1977M10
214,1977M11,162.1,525,169.67,4.83,12676.6,1182,1977,11,1977M11
215,1977M12,160.45,538,177.35,4.72,12784.6,1261,1977,12,1977M12
216,1978M01,173.18,518,201.73,4.92,12121,1261,1978,1,1978M01
217,1978M02,178.14,478,224.41,4.96,12149.7,1217,1978,2,1978M02
218,1978M03,183.61,507,226.78,5.27,11422.1,1254,1978,3,1978M03
219,1978M04,175.28,553,214.09,5.17,11005.5,1285,1978,4,1978M04
220,1978M05,176.31,562,232.73,5.13,11704.3,1303,1978,5,1978M05
221,1978M06,183.75,578,244.96,5.33,12356.9,1333,1978,6,1978M06
222,1978M07,188.73,584,245.64,5.36,12414.2,1337,1978,7,1978M07
223,1978M08,206.3,618,267.35,5.54,12994.5,1426,1978,8,1978M08
224,1978M09,212.08,634,269.34,5.59,13889.1,1442,1978,9,1978M09
225,1978M10,227.44,713,331.83,5.94,15256,1506,1978,10,1978M10
226,1978M11,206.2,695,328.51,5.87,15035.5,1481,1978,11,1978M11
227,1978M12,207.85,687,340.44,5.94,14153.7,1533,1978,12,1978M12
228,1979M01,227.28,720,358.47,6.2,13853.8,1659,1979,1,1979M01
229,1979M02,245.67,793,410.41,7.35,14526.2,1944,1979,2,1979M02
230,1979M03,242.05,795,397.76,7.42,15022.3,2050,1979,3,1979M03
231,1979M04,239.11,789,391.16,7.44,15136.9,2100,1979,4,1979M04
232,1979M05,257.59,778,430.39,8.38,15361.8,1926,1979,5,1979M05
233,1979M06,279.07,754,430.29,8.56,16135.6,1877.9,1979,6,1979M06
234,1979M07,294.74,722,411.79,9.05,15780.7,1814,1979,7,1979M07
235,1979M08,300.82,665,394.34,9.31,14793,1976.4,1979,8,1979M08
236,1979M09,354.95,724,462.93,13.76,15399.3,2095.9,1979,9,1979M09
237,1979M10,391.66,707,519.87,16.63,16012.2,2075.9,1979,10,1979M10
238,1979M11,391.99,702,505.64,16.65,16360.5,2090,1979,11,1979M11
239,1979M12,455.08,751,600.53,22.45,16986.6,2214,1979,12,1979M12
240,1980M01,675.31,774,806.79,38.88,17013,2601,1980,1,1980M01
241,1980M02,665.32,870,882.31,35.24,17100.4,2918,1980,2,1980M02
242,1980M03,553.58,743,746.54,24.73,17470.3,2306,1980,3,1980M03
243,1980M04,517.41,708,589.06,14.95,17017.2,2070,1980,4,1980M04
244,1980M05,513.8,691.5,559.65,12.68,17041.7,2037,1980,5,1980M05
245,1980M06,600.72,678.1,641.84,15.78,17223.9,2006,1980,6,1980M06
246,1980M07,643.27,714,670.35,16.32,17090.8,2176,1980,7,1980M07
247,1980M08,627.15,769,644.24,15.94,17018.4,2082.1,1980,8,1980M08
248,1980M09,673.63,796,695.88,19.89,17308.3,2060,1980,9,1980M09
249,1980M10,661.15,805,675.6,20.2,16692.1,2040,1980,10,1980M10
250,1980M11,624.77,802,632.6,18.58,15615.5,2010,1980,11,1980M11
251,1980M12,538.26,784,604.34,16.46,14707,1879,1980,12,1980M12
252,1981M01,557.39,777.4,536.01,14.79,14332.7,1869.1,1981,1,1981M01
253,1981M02,499.76,731,479.69,13.06,13633.4,1801,1981,2,1981M02
254,1981M03,499.11,751,490.88,12.34,13633,1818,1981,3,1981M03
255,1981M04,495.8,824,481.17,11.47,13365,1821,1981,4,1981M04
256,1981M05,479.7,851,461.92,10.85,12663.5,1742,1981,5,1981M05
257,1981M06,461.09,840,443.42,10,12603.5,1700,1981,6,1981M06
258,1981M07,409.07,865.1,406.71,8.58,13358,1681.9,1981,7,1981M07
259,1981M08,410.16,955,417.6,8.92,14485,1787,1981,8,1981M08
260,1981M09,443.75,939.2,435.61,10.05,14935.1,1710.4,1981,9,1981M09
261,1981M10,437.76,891.7,420.25,9.23,15112.6,1666.3,1981,10,1981M10
262,1981M11,413.37,876.9,397.07,8.54,15836.2,1651.4,1981,11,1981M11
263,1981M12,410.09,845.5,399.45,8.45,15951.5,1655.3,1981,12,1981M12
264,1982M01,384.14,818.5,369.59,7.99,16133.1,1610.6,1982,1,1982M01
265,1982M02,374.13,822.9,359.63,8.28,15992.6,1598,1982,2,1982M02
266,1982M03,330.25,789.7,317.62,7.23,12766.3,1510.4,1982,3,1982M03
267,1982M04,350.3,742.5,337.93,7.31,12618.1,1521.7,1982,4,1982M04
268,1982M05,333.71,750.2,310.39,6.68,12735.9,1527.7,1982,5,1982M05
269,1982M06,314.98,691.9,276.26,5.56,11087,1300,1982,6,1982M06
270,1982M07,338.97,726.9,287.97,6.46,11316.6,1440.9,1982,7,1982M07
271,1982M08,364.23,715.5,296.81,7.11,12195.7,1451.5,1982,8,1982M08
272,1982M09,437.31,749.5,334.13,8.78,12675.7,1426.5,1982,9,1982M09
273,1982M10,422.15,751.3,334.54,9.39,12413.8,1461,1982,10,1982M10
274,1982M11,414.89,710,345.91,9.79,11981.9,1443.8,1982,11,1982M11
275,1982M12,444.5,668.5,368.72,10.57,11992.9,1473.2,1982,12,1982M12
276,1983M01,481.29,699.1,452.85,12.34,12082.6,1571.9,1983,1,1983M01
277,1983M02,491.09,681.4,464.51,13.98,13034.2,1647.4,1983,2,1983M02
278,1983M03,419.7,678.4,401.06,10.64,13426,1597.7,1983,3,1983M03
279,1983M04,432.88,697.5,413.68,11.61,13792.8,1674.9,1983,4,1983M04
280,1983M05,438.01,735.6,448.52,12.92,13522.9,1765.7,1983,5,1983M05
281,1983M06,412.84,718.4,422.37,11.74,13354,1701.2,1983,6,1983M06
282,1983M07,402.91,739.8,433.27,12.03,13193,1704.3,1983,7,1983M07
283,1983M08,416.2,808.9,435.56,12.06,12826,1639.8,1983,8,1983M08
284,1983M09,411.8,837.8,431.11,11.96,12755.3,1560.7,1983,9,1983M09
285,1983M10,393.6,859,395.87,9.89,12750.8,1435.2,1983,10,1983M10
286,1983M11,381.7,859.1,387.67,8.81,12772.5,1389.1,1983,11,1983M11
287,1983M12,388.34,857,393.22,9.15,12345.5,1415.2,1983,12,1983M12
288,1984M01,370.89,957.8,376.25,8.25,12117.8,1375.7,1984,1,1984M01
289,1984M02,385.96,998.4,391.23,9.12,12297.7,1429.8,1984,2,1984M02
290,1984M03,394.26,1040.6,398.43,9.65,12406.1,1501.2,1984,3,1984M03
291,1984M04,381.37,1004.1,391.62,9.25,12445,1532.6,1984,4,1984M04
292,1984M05,377.4,1001.3,387.86,8.97,12582.8,1420.9,1984,5,1984M05
293,1984M06,377.7,941.5,381.55,8.77,12662.2,1366.5,1984,6,1984M06
294,1984M07,347.71,853.6,343.32,7.46,12438.7,1330.8,1984,7,1984M07
295,1984M08,347.7,834.1,339.78,7.6,12302.2,1337.5,1984,8,1984M08
296,1984M09,340.2,873.3,326.7,7.25,12091.1,1293.6,1984,9,1984M09
297,1984M10,341,843.7,324.34,7.29,11744.9,1273,1984,10,1984M10
298,1984M11,342,855.1,328.49,7.49,11991.2,1345.1,1984,11,1984M11
299,1984M12,319.54,859.7,304.13,6.64,11722.2,1321.1,1984,12,1984M12
300,1985M01,302.79,867.1,274.39,6.1,11073.4,1359.1,1985,1,1985M01
301,1985M02,299.1,886.6,269.4,6.06,10946,1388.5,1985,2,1985M02
302,1985M03,313.5,920.9,260.76,5.99,11210.6,1389.9,1985,3,1985M03
303,1985M04,326.8,931.3,282.72,6.44,11806.4,1501.8,1985,4,1985M04
304,1985M05,316,881.3,272.38,6.27,11909.8,1530.6,1985,5,1985M05
305,1985M06,316.5,808,267.8,6.18,12385.8,1432.4,1985,6,1985M06
306,1985M07,317.2,766.8,268.91,6,12755.8,1474.6,1985,7,1985M07
307,1985M08,330.4,735.1,307.8,6.15,12647.2,1420.2,1985,8,1985M08
308,1985M09,323.35,689.5,311.15,6.05,12325.2,1366.4,1985,9,1985M09
309,1985M10,325.85,631.9,323.46,6.18,12391.1,1384.7,1985,10,1985M10
310,1985M11,321.5,597.5,334.4,6.1,9903.2,1369.5,1985,11,1985M11
311,1985M12,321.9,685.3,336.82,5.85,9114,1390.9,1985,12,1985M12
312,1986M01,347.48,644,363.76,6.02,7910,1418.3,1986,1,1986M01
313,1986M02,338.89,608.7,376.04,5.86,7922.9,1405.5,1986,2,1986M02
314,1986M03,345.7,625.7,413.64,5.62,7313.6,1445.1,1986,3,1986M03
315,1986M04,340.44,659.9,418.39,5.19,5686.1,1434.6,1986,4,1986M04
316,1986M05,342.4,707.3,413.62,5.07,5474.2,1418.74,1986,5,1986M05
317,1986M06,342.7,804.2,432.49,5.13,5378.3,1413.14,1986,6,1986M06
318,1986M07,348.34,807.1,438.8,5.03,5386.6,1344.3,1986,7,1986M07
319,1986M08,376.66,816,540.33,5.18,5404.3,1303.1,1986,8,1986M08
320,1986M09,417.73,871.1,604.48,5.63,5397.2,1347,1986,9,1986M09
321,1986M10,423.51,886.2,581.25,5.64,5542.8,1316.8,1986,10,1986M10
322,1986M11,397.56,820,517.07,5.55,6092.3,1303.2,1986,11,1986M11
323,1986M12,390.92,798.2,480.61,5.35,6428.1,1335.6,1986,12,1986M12
324,1987M01,408.26,759.7,515.97,5.51,6712.7,1346,1987,1,1987M01
325,1987M02,401.12,740.4,517.86,5.48,6688.4,1379.83,1987,2,1987M02
326,1987M03,408.91,731.6,532.63,5.66,6631.5,1465.72,1987,3,1987M03
327,1987M04,438.35,761.9,585.65,7.35,6699.8,1484.24,1987,4,1987M04
328,1987M05,460.23,838.7,606.73,8.46,6747.4,1520.44,1987,5,1987M05
329,1987M06,449.59,878.4,569,7.42,6610.4,1571.87,1987,6,1987M06
330,1987M07,450.52,829.8,572.35,7.61,6404.9,1694.62,1987,7,1987M07
331,1987M08,461.15,804.1,609.92,7.84,6556.1,1756.31,1987,8,1987M08
332,1987M09,460.38,756.7,590,7.61,6406.3,1811.01,1987,9,1987M09
333,1987M10,465.35,769.9,568.05,7.61,6763.8,1967.2,1987,10,1987M10
334,1987M11,467.57,848,500.3,6.76,6927.3,2523.9,1987,11,1987M11
335,1987M12,486.24,866.3,500.22,6.81,6829.4,2868.9,1987,12,1987M12
336,1988M01,476.58,878.5,494.07,6.74,6808.1,2663.2,1988,1,1988M01
337,1988M02,442.07,876.4,458.51,6.34,6690.1,2330.2,1988,2,1988M02
338,1988M03,443.61,981.9,496.38,6.41,6772.9,2359.3,1988,3,1988M03
339,1988M04,451.55,1069.2,526.98,6.48,6752.6,2286.3,1988,4,1988M04
340,1988M05,451.07,1176.7,548.84,6.54,6777.6,2447.99,1988,5,1988M05
341,1988M06,451.33,1365.3,579.63,7.02,7035.8,2540.27,1988,6,1988M06
342,1988M07,437.63,1237.4,548.64,7.04,7148.8,2213.51,1988,7,1988M07
343,1988M08,431.28,1309.2,532.88,6.71,7322.7,2200.68,1988,8,1988M08
344,1988M09,413.46,1330.3,512.57,6.38,7408.5,2435.53,1988,9,1988M09
345,1988M10,406.78,1519.9,525.73,6.28,7252.7,2939.51,1988,10,1988M10
346,1988M11,420.17,1559,575.78,6.29,7312.4,3304.66,1988,11,1988M11
347,1988M12,419.05,1594.3,564.11,6.12,7337.4,3498.91,1988,12,1988M12
348,1989M01,404.01,1734,526.93,6,7409.6,3394.06,1989,1,1989M01
349,1989M02,387.51,1932.4,531.94,5.88,7873.7,3096.92,1989,2,1989M02
350,1989M03,390.15,1961.6,538.03,5.96,8760.5,3264.14,1989,3,1989M03
351,1989M04,384.4,1656.4,537.67,5.79,10195.9,3117.91,1989,4,1989M04
352,1989M05,371.05,1628.4,516.75,5.45,10143.7,2738.98,1989,5,1989M05
353,1989M06,367.6,1539,497.35,5.27,9935.5,2546.01,1989,6,1989M06
354,1989M07,375.04,1616.9,501.91,5.22,9605.2,2505,1989,7,1989M07
355,1989M08,365.14,1730.4,484.64,5.18,8715.6,2762.2,1989,8,1989M08
356,1989M09,361.75,1628.9,477.67,5.13,8269.7,2884.4,1989,9,1989M09
357,1989M10,366.88,1584.6,485.82,5.14,7922.4,2861.4,1989,10,1989M10
358,1989M11,394.26,1437.6,510.19,5.48,6837.3,2591.3,1989,11,1989M11
359,1989M12,409.39,1455,506.81,5.57,6744.1,2418.6,1989,12,1989M12
360,1990M01,410.11,1297,497.66,5.25,6592,2366.64,1990,1,1990M01
361,1990M02,416.81,1396.8,516.1,5.29,6156.1,2360.16,1990,2,1990M02
362,1990M03,393.06,1607.4,497.06,5.08,6270.5,2625.61,1990,3,1990M03
363,1990M04,374.24,1685.6,478.15,5.07,6390.9,2686.15,1990,4,1990M04
364,1990M05,369.05,1774.6,488.55,5.08,6324.6,2741.95,1990,5,1990M05
365,1990M06,352.33,1714.8,481.11,4.92,6096,2584.56,1990,6,1990M06
366,1990M07,362.53,1637,478.79,4.87,5924.4,2769.49,1990,7,1990M07
367,1990M08,394.73,1615.1,492.73,5.01,5905.2,2957.03,1990,8,1990M08
368,1990M09,389.32,1537.5,461.66,4.8,5707,3031.37,1990,9,1990M09
369,1990M10,380.74,1352.6,424.95,4.39,6061.4,2743.56,1990,10,1990M10
370,1990M11,381.73,1277.7,422.24,4.17,5981.3,2585.89,1990,11,1990M11
371,1990M12,376.95,1265.4,420.07,4.08,5615.2,2485.38,1990,12,1990M12
372,1991M01,383.64,1206.2,407.84,4.05,5623.2,2448.52,1991,1,1991M01
373,1991M02,363.83,1188.1,386.79,3.74,5583.7,2449.38,1991,2,1991M02
374,1991M03,363.34,1198.6,399.99,3.94,5517.4,2409.63,1991,3,1991M03
375,1991M04,358.38,1252.9,396.88,3.98,5560,2472.04,1991,4,1991M04
376,1991M05,356.95,1090.9,389.64,4.05,5701.7,2305.88,1991,5,1991M05
377,1991M06,366.72,1061.6,376.05,4.39,5710.6,2219.28,1991,6,1991M06
378,1991M07,367.69,1063.1,376.03,4.35,5669.6,2236.28,1991,7,1991M07
379,1991M08,356.31,1046.3,346.35,3.96,5638.8,2233.19,1991,8,1991M08
380,1991M09,348.74,1023.2,349.34,4.04,5570.3,2324.57,1991,9,1991M09
381,1991M10,358.69,991.7,362.48,4.12,5549.6,2363.64,1991,10,1991M10
382,1991M11,360.17,1093.3,365.11,4.07,5505.5,2379.84,1991,11,1991M11
383,1991M12,361.73,1188,353.3,3.94,5510.1,2223.14,1991,12,1991M12
384,1992M01,354.45,1153.7,341.19,4.11,5476.9,2139.23,1992,1,1992M01
385,1992M02,353.91,1130.7,362.12,4.15,5615.7,2205.97,1992,2,1992M02
386,1992M03,344.34,1214.6,356.94,4.11,5632,2227.33,1992,3,1992M03
387,1992M04,338.62,1304.3,347.3,4.05,5838.9,2215.33,1992,4,1992M04
388,1992M05,337.24,1372.9,358.59,4.07,6121.1,2216.52,1992,5,1992M05
389,1992M06,340.81,1385.2,369.13,4.06,6618.8,2299.2,1992,6,1992M06
390,1992M07,352.72,1320.2,383.12,3.97,6989.4,2520.32,1992,7,1992M07
391,1992M08,343.06,1360.4,359.55,3.81,6780.4,2521.64,1992,8,1992M08
392,1992M09,345.43,1366.9,362.14,3.77,6643.2,2414.06,1992,9,1992M09
393,1992M10,344.38,1163.6,358.07,3.75,6016.7,2249.15,1992,10,1992M10
394,1992M11,335.02,1046.9,356.11,3.77,5723,2158.32,1992,11,1992M11
395,1992M12,334.82,1057.9,361.97,3.73,5756.2,2206.82,1992,12,1992M12
396,1993M01,329.01,1061.1,359.14,3.68,5900.9,2256.85,1993,1,1993M01
397,1993M02,329.31,1072.1,359.02,3.66,5790.9,2212.6,1993,2,1993M02
398,1993M03,330.08,996.1,350.46,3.65,5659.4,2152.59,1993,3,1993M03
399,1993M04,342.15,1004.6,368.01,3.95,5590.9,1949.88,1993,4,1993M04
400,1993M05,367.18,980.4,385.16,4.46,5503.5,1794.5,1993,5,1993M05
401,1993M06,371.89,926,383.02,4.38,5112.7,1853.42,1993,6,1993M06
402,1993M07,392.19,927.6,403.65,5.02,4972.6,1927.16,1993,7,1993M07
403,1993M08,378.84,884,391.9,4.84,4809.3,1947.45,1993,8,1993M08
404,1993M09,355.28,874.2,362.46,4.22,4493.6,1861.86,1993,9,1993M09
405,1993M10,364.18,914.9,367.91,4.34,4681.1,1646.4,1993,10,1993M10
406,1993M11,373.83,928.4,374.41,4.53,4640.9,1630.02,1993,11,1993M11
407,1993M12,383.3,974.4,383.17,4.97,4777.9,1724.19,1993,12,1993M12
408,1994M01,386.88,996.7,387.8,5.15,4942.8,1805.35,1994,1,1994M01
409,1994M02,381.91,968.9,394.02,5.25,5443.4,1866.4,1994,2,1994M02
410,1994M03,384.13,935.9,400.28,5.44,5405.4,1914.87,1994,3,1994M03
411,1994M04,377.27,923.6,397.9,5.35,5385.7,1881.82,1994,4,1994M04
412,1994M05,381.43,955.6,398.01,5.42,5504.4,2150.6,1994,5,1994M05
413,1994M06,385.64,966.2,401.09,5.39,5509.2,2364.2,1994,6,1994M06
414,1994M07,385.49,964,411.95,5.28,5311.2,2458.19,1994,7,1994M07
415,1994M08,380.36,944.9,412.19,5.2,5161.5,2406.23,1994,8,1994M08
416,1994M09,391.58,992.4,417.28,5.52,5321.1,2505.93,1994,9,1994M09
417,1994M10,389.77,1058.5,419.4,5.45,5473.6,2547.67,1994,10,1994M10
418,1994M11,384.39,1151.7,412.37,5.19,6161.1,2802.45,1994,11,1994M11
419,1994M12,379.29,1114.3,410.85,4.78,5946.8,2985.3,1994,12,1994M12
420,1995M01,378.55,1156.5,413.9,4.77,6199.3,3008.93,1995,1,1995M01
421,1995M02,376.64,1032.2,413.97,4.72,5478.3,2877.65,1995,2,1995M02
422,1995M03,382.12,1022.2,416.89,4.65,5532.4,2924.04,1995,3,1995M03
423,1995M04,391.03,1061.4,448.29,5.48,5872.1,2903.5,1995,4,1995M04
424,1995M05,385.22,1036.2,437.35,5.56,5926.5,2773.31,1995,5,1995M05
425,1995M06,387.56,1009.6,438.53,5.36,6670.7,2994.64,1995,6,1995M06
426,1995M07,386.23,1026.8,433.63,5.16,6668.9,3075.67,1995,7,1995M07
427,1995M08,383.67,1014.4,425.34,5.4,6992.3,3036.84,1995,8,1995M08
428,1995M09,383.06,986.2,429.65,5.43,6328.1,2915.52,1995,9,1995M09
429,1995M10,383.14,979.1,412.66,5.37,6220.7,2813.55,1995,10,1995M10
430,1995M11,385.31,1030.7,413.12,5.32,6386.9,2977.36,1995,11,1995M11
431,1995M12,387.44,1018.1,408.71,5.18,6289.5,2926.26,1995,12,1995M12
432,1996M01,399.45,1019.1,415.48,5.46,6271.6,2616.41,1996,1,1996M01
433,1996M02,404.76,1035.8,420.21,5.66,6195.5,2537.71,1996,2,1996M02
434,1996M03,396.21,1063.9,411.19,5.52,6196.4,2561.02,1996,3,1996M03
435,1996M04,392.85,1045.4,404.39,5.42,6480.9,2595.78,1996,4,1996M04
436,1996M05,391.93,1035.8,401.42,5.37,6412.4,2658.26,1996,5,1996M05
437,1996M06,385.27,1008.5,392.25,5.16,6191.9,2173.4,1996,6,1996M06
438,1996M07,383.47,1000.1,393.66,5.07,6250.2,1985.57,1996,7,1996M07
439,1996M08,387.35,1006.9,400.03,5.14,6110.2,2008.57,1996,8,1996M08
440,1996M09,383.14,1000.3,389.86,5.04,6101.9,1941.45,1996,9,1996M09
441,1996M10,381.07,1003.1,384.18,4.93,5941.9,1961.17,1996,10,1996M10
442,1996M11,377.85,1046.5,381.98,4.83,5991.7,2230.86,1996,11,1996M11
443,1996M12,369,1036.3,370.7,4.83,5836.3,2268.08,1996,12,1996M12
444,1997M01,355.11,1086.5,360.1,4.77,5877.7,2434.93,1997,1,1997M01
445,1997M02,346.58,1179.4,365.01,5.07,5883.2,2405.85,1997,2,1997M02
446,1997M03,351.81,1254.8,378.9,5.2,5909.2,2421.29,1997,3,1997M03
447,1997M04,344.47,1240.4,371.08,4.77,5713.3,2391.18,1997,4,1997M04
448,1997M05,343.84,1310.5,387.5,4.75,5711.2,2514.33,1997,5,1997M05
449,1997M06,340.76,1354.2,430.76,4.76,5566.1,2612.62,1997,6,1997M06
450,1997M07,324.1,1518,415.52,4.37,5442.7,2450.46,1997,7,1997M07
451,1997M08,324.01,1653.5,424.55,4.5,5428.4,2251.2,1997,8,1997M08
452,1997M09,322.82,1640.9,424.73,4.73,5496.3,2107.3,1997,9,1997M09
453,1997M10,324.87,1280.1,423.12,5.03,5561.3,2052.26,1997,10,1997M10
454,1997M11,306.04,1173,392.29,5.08,5658,1917.45,1997,11,1997M11
455,1997M12,288.74,1102.2,365.42,5.84,5513.8,1762.33,1997,12,1997M12
456,1998M01,289.1,1097.2,373.86,5.89,5206.3,1688.45,1998,1,1998M01
457,1998M02,297.49,1044,386.08,6.81,5242.5,1664.8,1998,2,1998M02
458,1998M03,295.94,1047.6,398.99,6.24,5476.8,1747.98,1998,3,1998M03
459,1998M04,308.29,1097,413.75,6.34,5714.8,1800.9,1998,4,1998M04
460,1998M05,299.1,1061.1,388.9,5.58,5874.7,1732.53,1998,5,1998M05
461,1998M06,292.32,1009.8,355.43,5.26,5970,1660.52,1998,6,1998M06
462,1998M07,292.87,1040.3,378.43,5.46,5653.7,1651.04,1998,7,1998M07
463,1998M08,284.11,1029.8,369.18,5.18,5691.5,1620.93,1998,8,1998M08
464,1998M09,288.98,1000,361.15,5,5485.7,1647.64,1998,9,1998M09
465,1998M10,295.93,940.5,342.6,5.01,5432.1,1586.39,1998,10,1998M10
466,1998M11,294.12,967.1,347.18,4.97,5478.3,1573.95,1998,11,1998M11
467,1998M12,291.68,959.2,351.79,4.88,5257.6,1473.57,1998,12,1998M12
468,1999M01,287.08,932.8,355.11,5.14,5109.8,1431.18,1999,1,1999M01
469,1999M02,287.33,1017.3,364.07,5.53,5268.5,1410.78,1999,2,1999M02
470,1999M03,285.96,1030,369.93,5.19,5360.2,1378.35,1999,3,1999M03
471,1999M04,282.62,1019,357.15,5.06,5393,1466,1999,4,1999M04
472,1999M05,276.44,1040.3,356.01,5.26,5649.2,1511.16,1999,5,1999M05
473,1999M06,261.31,1000.5,356.78,5.03,5265.9,1422.48,1999,6,1999M06
474,1999M07,256.08,1072.1,349.06,5.18,5230,1640,1999,7,1999M07
475,1999M08,256.69,1130.6,350.06,5.26,5230.2,1647.62,1999,8,1999M08
476,1999M09,264.74,1193.8,370.93,5.21,5342.5,1750.34,1999,9,1999M09
477,1999M10,310.72,1148.7,421.14,5.41,5430.7,1724.12,1999,10,1999M10
478,1999M11,293.18,1147.2,434.02,5.15,5842.1,1727.55,1999,11,1999M11
479,1999M12,283.07,1183.8,439.13,5.16,5721.3,1764.75,1999,12,1999M12
480,2000M01,284.32,1178.8,441,5.19,5927.8,1843.98,2000,1,2000M01
481,2000M02,299.86,1094.9,519.71,5.25,5642.1,1800.83,2000,2,2000M02
482,2000M03,286.39,1116.4,479.33,5.06,5457.8,1739.39,2000,3,2000M03
483,2000M04,279.69,1127.6,497.55,5.06,5384.4,1678.75,2000,4,2000M04
484,2000M05,275.19,1156.9,525.89,4.98,5451.2,1785.62,2000,5,2000M05
485,2000M06,285.73,1117.9,559.73,5,5456.8,1753.18,2000,6,2000M06
486,2000M07,281.59,1136.2,560.29,4.97,5343.8,1799.36,2000,7,2000M07
487,2000M08,274.47,1169.8,577.61,4.89,5304.8,1855.86,2000,8,2000M08
488,2000M09,273.68,1224.4,591.9,4.89,5474.3,1960.41,2000,9,2000M09
489,2000M10,270,1095.9,579.72,4.83,5282.3,1898.59,2000,10,2000M10
490,2000M11,266.01,1059,593.34,4.68,5269.5,1795.11,2000,11,2000M11
491,2000M12,271.45,1059.8,609.5,4.64,5233.7,1850.55,2000,12,2000M12
492,2001M01,265.49,1033.1,620.47,4.66,5170.5,1787.5,2001,1,2001M01
493,2001M02,261.87,1020.9,600.92,4.56,5121.8,1765.65,2001,2,2001M02
494,2001M03,263.03,1004.7,584.23,4.4,5046.4,1738.77,2001,3,2001M03
495,2001M04,260.48,969.4,594.86,4.37,4949.2,1664.16,2001,4,2001M04
496,2001M05,272.36,938,610.7,4.43,4945,1682.21,2001,5,2001M05
497,2001M06,270.23,894.9,579.72,4.37,4828.3,1608.45,2001,6,2001M06
498,2001M07,267.53,852.4,530.84,4.25,4350.9,1525.21,2001,7,2001M07
499,2001M08,272.39,828.1,451.7,4.22,3895.7,1464.43,2001,8,2001M08
500,2001M09,283.42,798.6,457.9,4.35,3694.5,1426.33,2001,9,2001M09
501,2001M10,283.06,761.5,431.39,4.4,3750.7,1377.28,2001,10,2001M10
502,2001M11,276.16,772.9,429.89,4.12,4041.8,1427.73,2001,11,2001M11
503,2001M12,275.85,754.7,461.73,4.37,4018.5,1471.74,2001,12,2001M12
504,2002M01,281.51,793.2,472.11,4.51,3861.9,1503.96,2002,1,2002M01
505,2002M02,295.5,771.3,471.15,4.42,3730.8,1561.9,2002,2,2002M02
506,2002M03,294.06,819.3,512.05,4.54,3842.8,1604.88,2002,3,2002M03
507,2002M04,302.68,808.2,539.2,4.58,4023.6,1590.33,2002,4,2002M04
508,2002M05,314.49,769.5,533.85,4.7,4149.8,1595.68,2002,5,2002M05
509,2002M06,321.18,767.1,554.7,4.9,4286.1,1647.53,2002,6,2002M06
510,2002M07,313.29,794.9,526.2,4.92,4331.3,1589.46,2002,7,2002M07
511,2002M08,310.26,747.6,544.84,4.54,3834,1479.55,2002,8,2002M08
512,2002M09,319.14,756.2,556.33,4.55,3957.4,1478.71,2002,9,2002M09
513,2002M10,316.56,754.7,580.2,4.4,4241.5,1483.76,2002,10,2002M10
514,2002M11,319.07,765.3,588.1,4.51,4230,1582.29,2002,11,2002M11
515,2002M12,331.92,797.7,595.44,4.63,4236.8,1595.68,2002,12,2002M12
516,2003M01,356.86,781.41,627.91,4.81,4435.68,1647.66,2003,1,2003M01
517,2003M02,358.97,785.15,681.7,4.66,4570.75,1683.8,2003,2,2003M02
518,2003M03,340.55,790.95,674.33,4.53,4604.52,1658.98,2003,3,2003M03
519,2003M04,328.18,754.65,624.91,4.49,4565.75,1587.48,2003,4,2003M04
520,2003M05,355.68,775.65,650.36,4.74,4736.75,1648.28,2003,5,2003M05
521,2003M06,356.35,790.69,661.67,4.53,4694.76,1686.5,2003,6,2003M06
522,2003M07,351.02,827.54,681.52,4.8,4739.35,1710,2003,7,2003M07
523,2003M08,359.77,817.88,692.19,4.99,4822.5,1760.28,2003,8,2003M08
524,2003M09,378.95,818.18,705.25,5.17,4911.59,1789.52,2003,9,2003M09
525,2003M10,378.92,897.96,732.48,5,5236.74,1920.54,2003,10,2003M10
526,2003M11,389.91,914.53,760.38,5.18,5362.75,2055.43,2003,11,2003M11
527,2003M12,406.95,977.76,807.87,5.63,6057.62,2201.29,2003,12,2003M12
528,2004M01,413.79,1017,849.93,6.3,6485,2423.57,2004,1,2004M01
529,2004M02,404.88,1087.68,846.32,6.44,6672.75,2759.53,2004,2,2004M02
530,2004M03,406.67,1105.78,899.76,7.23,7619.78,3008.72,2004,3,2004M03
531,2004M04,403.26,1032.73,880.64,7.15,8955.75,2948.73,2004,4,2004M04
532,2004M05,383.78,1028.29,809.83,5.87,9459.47,2733.5,2004,5,2004M05
533,2004M06,392.37,1021.46,807.55,5.86,9204.77,2686.71,2004,6,2004M06
534,2004M07,398.09,988.32,809.52,6.31,9044.32,2808.43,2004,7,2004M07
535,2004M08,400.51,975.81,848.68,6.66,9021.91,2846.1,2004,8,2004M08
536,2004M09,405.28,975.18,847.89,6.4,9019.55,2894.86,2004,9,2004M09
537,2004M10,420.46,1064.95,841.43,7.1,9045.24,3012.24,2004,10,2004M10
538,2004M11,439.38,1095.64,854.41,7.49,9070.46,3122.8,2004,11,2004M11
539,2004M12,442.08,1180.21,848.24,7.09,8553.81,3145.45,2004,12,2004M12
540,2005M01,424.03,1246.38,859.07,6.62,7735.75,3170,2005,1,2005M01
541,2005M02,423.35,1326.18,864.32,7.03,8088.75,3253.7,2005,2,2005M02
542,2005M03,433.85,1372.15,866.83,7.23,8407.39,3379.49,2005,3,2005M03
543,2005M04,429.23,1300.14,864.86,7.12,8143.81,3394.48,2005,4,2005M04
544,2005M05,421.87,1243.63,866.23,7.02,8125,3249.1,2005,5,2005M05
545,2005M06,430.66,1275.73,880.09,7.31,7618.86,3524.07,2005,6,2005M06
546,2005M07,424.48,1194.43,873.67,7.01,7169.29,3614.21,2005,7,2005M07
547,2005M08,437.93,1298.39,898.43,7.03,7188.86,3797.75,2005,8,2005M08
548,2005M09,456.05,1397.52,914.64,7.15,6783.86,3857.84,2005,9,2005M09
549,2005M10,469.9,1488.38,931,7.67,6422.86,4059.76,2005,10,2005M10
550,2005M11,476.67,1610.93,962.61,7.87,6160,4269.34,2005,11,2005M11
551,2005M12,510.1,1821.83,976.59,8.63,6713.5,4576.78,2005,12,2005M12
552,2006M01,549.86,2090.31,1026.05,9.14,7051.43,4734.33,2006,1,2006M01
553,2006M02,555,2219.38,1041.5,9.53,7826.25,4982.4,2006,2,2006M02
554,2006M03,557.09,2416.91,1041.09,10.38,7939.57,5102.85,2006,3,2006M03
555,2006M04,610.65,3084.78,1098.75,12.61,8853.06,6387.78,2006,4,2006M04
556,2006M05,675.39,3565.69,1260.83,13.38,8837.38,8045.86,2006,5,2006M05
557,2006M06,596.15,3225.68,1188.55,10.8,7896.36,7197.61,2006,6,2006M06
558,2006M07,633.71,3339.86,1228.83,11.23,8418.57,7712.1,2006,7,2006M07
559,2006M08,632.59,3347.3,1233.52,12.19,8502.05,7695.66,2006,8,2006M08
560,2006M09,598.19,3403.02,1183.6,11.68,9039.29,7602.36,2006,9,2006M09
561,2006M10,585.78,3822.96,1082.45,11.56,9768.18,7500.39,2006,10,2006M10
562,2006M11,627.83,4382.23,1183,12.93,10079.09,7029.18,2006,11,2006M11
563,2006M12,629.79,4405.4,1121.19,13.28,11158.68,6675.11,2006,12,2006M12
564,2007M01,631.17,3786.68,1146.65,12.84,11361.82,5669.66,2007,1,2007M01
565,2007M02,664.75,3309.5,1204.55,13.91,12933.25,5676.45,2007,2,2007M02
566,2007M03,654.9,3271.3,1218.77,13.18,13892.96,6452.48,2007,3,2007M03
567,2007M04,679.37,3557.47,1275.81,13.72,14052.9,7766.47,2007,4,2007M04
568,2007M05,667.31,3831.26,1300.65,13.15,14140,7681.42,2007,5,2007M05
569,2007M06,655.66,3602.85,1286.24,13.14,14099.76,7474.38,2007,6,2007M06
570,2007M07,665.38,3545.58,1303.02,12.91,14737.84,7972.57,2007,7,2007M07
571,2007M08,665.41,3252.52,1263.61,12.33,15174.32,7513.5,2007,8,2007M08
572,2007M09,712.65,2881.4,1307.65,12.83,15023,7648.98,2007,9,2007M09
573,2007M10,754.6,2975.33,1410.7,13.67,16071.3,8008.44,2007,10,2007M10
574,2007M11,806.25,2541.32,1448.73,14.7,16691.82,6966.71,2007,11,2007M11
575,2007M12,803.2,2353.08,1492.9,14.3,16263.06,6587.67,2007,12,2007M12
576,2008M01,889.6,2340.11,1583.3,15.91,16337.27,7061.02,2008,1,2008M01
577,2008M02,922.3,2438.14,1999.67,17.57,17210,7887.69,2008,2,2008M02
578,2008M03,968.43,2511.47,2025.19,19.32,19803.95,8439.29,2008,3,2008M03
579,2008M04,909.71,2263.8,1988.41,17.5,21658.64,8684.93,2008,4,2008M04
580,2008M05,888.66,2182.1,2052.45,17.06,24062.25,8382.75,2008,5,2008M05
581,2008M06,889.49,1894.48,2039.24,16.97,22229.29,8260.6,2008,6,2008M06
582,2008M07,939.77,1852.37,1904.43,18.03,23139.35,8414.04,2008,7,2008M07
583,2008M08,839.03,1723.28,1485.55,14.64,20026.25,7634.7,2008,8,2008M08
584,2008M09,829.93,1735.48,1223.18,12.37,18368.86,6990.86,2008,9,2008M09
585,2008M10,806.62,1302.11,912.57,10.44,14401.74,4925.7,2008,10,2008M10
586,2008M11,760.86,1152.6,840.3,9.87,13643.5,3717,2008,11,2008M11
587,2008M12,816.09,1100.57,839.7,10.29,11240,3071.98,2008,12,2008M12
588,2009M01,858.69,1187.41,947.41,11.27,11372.86,3220.69,2009,1,2009M01
589,2009M02,943,1112.08,1033.25,13.41,11039.25,3314.73,2009,2,2009M02
590,2009M03,924.27,1216.75,1081.77,13.12,10675.91,3749.75,2009,3,2009M03
591,2009M04,890.2,1378.85,1165.45,12.48,11743.5,4406.55,2009,4,2009M04
592,2009M05,928.65,1483.79,1128.67,13.98,13793.42,4568.63,2009,5,2009M05
593,2009M06,945.67,1557.27,1217.86,14.65,14985.68,5013.96,2009,6,2009M06
594,2009M07,934.23,1578.61,1162.26,13.36,14038.91,5215.54,2009,7,2009M07
595,2009M08,949.38,1821.68,1244.57,14.36,14869.75,6165.3,2009,8,2009M08
596,2009M09,996.59,1884.02,1288.7,16.39,14869.09,6196.43,2009,9,2009M09
597,2009M10,1043.16,2071.59,1332.77,17.24,15008.86,6287.98,2009,10,2009M10
598,2009M11,1127.04,2193.38,1400.62,17.82,14942.38,6675.6,2009,11,2009M11
599,2009M12,1134.72,2375.95,1437.48,17.64,15546.91,6981.71,2009,12,2009M12
600,2010M01,1117.96,2434.45,1557.9,17.75,17714.75,7386.25,2010,1,2010M01
601,2010M02,1095.41,2156.9,1520.35,15.87,16361.75,6848.18,2010,2,2010M02
602,2010M03,1113.34,2275.07,1599.43,17.11,17549.35,7462.83,2010,3,2010M03
603,2010M04,1148.69,2366.68,1710.5,18.06,18683.5,7745.08,2010,4,2010M04
604,2010M05,1205.43,1968.37,1624.86,18.43,17566.05,6837.68,2010,5,2010M05
605,2010M06,1232.92,1742.84,1553.23,18.45,17319.77,6499.3,2010,6,2010M06
606,2010M07,1192.97,1843.89,1525.59,17.96,18191.36,6735.25,2010,7,2010M07
607,2010M08,1215.81,2044.57,1540.59,18.39,20754.76,7283.95,2010,8,2010M08
608,2010M09,1270.98,2151.41,1591.75,20.55,22701.14,7709.3,2010,9,2010M09
609,2010M10,1342.02,2372.14,1688.69,23.39,26342.62,8292.41,2010,10,2010M10
610,2010M11,1369.89,2291.68,1692.77,26.54,25519.09,8469.89,2010,11,2010M11
611,2010M12,1390.55,2280.93,1711.39,29.32,26163.33,9147.26,2010,12,2010M12
612,2011M01,1360.46,2371.55,1785.43,28.51,27465.25,9555.7,2011,1,2011M01
613,2011M02,1374.68,2465.13,1825.9,30.78,31526,9867.6,2011,2,2011M02
614,2011M03,1423.26,2341.48,1770.17,35.81,30590.93,9503.36,2011,3,2011M03
615,2011M04,1480.89,2362.22,1797.9,42.7,32363.31,9492.79,2011,4,2011M04
616,2011M05,1512.58,2167.35,1786.55,37.34,28676.45,8959.9,2011,5,2011M05
617,2011M06,1529.36,2234.47,1768.5,35.8,25519.68,9066.85,2011,6,2011M06
618,2011M07,1572.75,2397.75,1759.76,37.92,27398.1,9650.46,2011,7,2011M07
619,2011M08,1759.01,2200.17,1804.7,40.33,24042.43,9000.76,2011,8,2011M08
620,2011M09,1772.14,2075.22,1748.11,38.15,22526.6,8300.14,2011,9,2011M09
621,2011M10,1666.43,1871.42,1535.19,31.97,21868.64,7394.19,2011,10,2011M10
622,2011M11,1739,1935.32,1596.98,33.08,21291.7,7581.02,2011,11,2011M11
623,2011M12,1639.97,1904.73,1454.59,30.3,19375.01,7565.48,2011,12,2011M12
624,2012M01,1654.05,1981.86,1499.32,30.65,21438.63,8040.47,2012,1,2012M01
625,2012M02,1744.82,2057.79,1657.76,34.14,24293.31,8441.49,2012,2,2012M02
626,2012M03,1675.95,2035.92,1655.41,32.95,22985.43,8470.78,2012,3,2012M03
627,2012M04,1649.2,2002.14,1585.81,31.53,22200.62,8289.48,2012,4,2012M04
628,2012M05,1589.04,1936,1470.7,28.72,20405.24,7955.64,2012,5,2012M05
629,2012M06,1598.76,1858.7,1443.86,27.98,19271.07,7423.02,2012,6,2012M06
630,2012M07,1594.29,1847.75,1425.82,27.43,18546.09,7584.26,2012,7,2012M07
631,2012M08,1630.31,1818.16,1453.26,28.8,18772.62,7515.53,2012,8,2012M08
632,2012M09,1744.81,2009.85,1623.65,33.61,20771.26,8087.74,2012,9,2012M09
633,2012M10,1746.58,1903.96,1635.83,33.19,21233.7,8062.03,2012,10,2012M10
634,2012M11,1721.64,1912.4,1576.36,32.77,20713.07,7711.23,2012,11,2012M11
635,2012M12,1684.76,2040.43,1582.25,31.87,22880.89,7966.49,2012,12,2012M12
636,2013M01,1671.85,2032.2,1638.89,31.06,24545.9,8047.36,2013,1,2013M01
637,2013M02,1627.57,2128.69,1674.55,30.33,24211.74,8060.93,2013,2,2013M02
638,2013M03,1593.09,1926.07,1582.95,28.79,23296.52,7645.58,2013,3,2013M03
639,2013M04,1487.86,1856,1493.07,25.36,21662.25,7234.28,2013,4,2013M04
640,2013M05,1414.03,1831.55,1475.17,23.04,20775.83,7249.41,2013,5,2013M05
641,2013M06,1343.35,1839.01,1430.23,21.11,20267.4,7000.24,2013,6,2013M06
642,2013M07,1285.52,1837.62,1401.48,19.71,19563.83,6906.64,2013,7,2013M07
643,2013M08,1351.74,1898.82,1496.09,21.89,21644.43,7192.92,2013,8,2013M08
644,2013M09,1348.6,1846.88,1456.86,22.56,22735.07,7159.27,2013,9,2013M09
645,2013M10,1316.58,1884.84,1413.48,21.92,23101.59,7203.02,2013,10,2013M10
646,2013M11,1275.86,1866.42,1420.1,20.76,22826.88,7070.65,2013,11,2013M11
647,2013M12,1221.51,1974.98,1355.67,19.67,22762.13,7214.9,2013,12,2013M12
648,2014M01,1244.27,2036.93,1420.95,19.88,22063.86,7291.47,2014,1,2014M01
649,2014M02,1299.58,2034.53,1409.53,20.85,22820.67,7149.21,2014,2,2014M02
650,2014M03,1336.08,2007.9,1451.62,20.72,23024.31,6650.04,2014,3,2014M03
651,2014M04,1298.45,2027.21,1430.33,19.74,23405.2,6673.56,2014,4,2014M04
652,2014M05,1288.74,2058.97,1456.27,19.34,23271.25,6891.13,2014,5,2014M05
653,2014M06,1279.1,2128.1,1452.76,19.89,22762,6821.14,2014,6,2014M06
654,2014M07,1310.59,2310.62,1492.18,20.92,22424.01,7113.38,2014,7,2014M07
655,2014M08,1295.13,2326.99,1446.33,19.74,22231.05,7001.84,2014,8,2014M08
656,2014M09,1236.55,2294.59,1359.48,18.37,21090.52,6872.22,2014,9,2014M09
657,2014M10,1222.49,2276.83,1259.76,17.16,19830.41,6737.48,2014,10,2014M10
658,2014M11,1175.33,2253.22,1208.32,15.97,20033.47,6712.85,2014,11,2014M11
659,2014M12,1200.62,2175.76,1215.32,16.3,19829.71,6446.45,2014,12,2014M12
660,2015M01,1250.75,2113.05,1242.45,17.24,19454.12,5830.54,2015,1,2015M01
661,2015M02,1227.08,2097.76,1197.16,16.79,18233.91,5729.27,2015,2,2015M02
662,2015M03,1178.63,2028.73,1138.64,16.24,17421.91,5939.67,2015,3,2015M03
663,2015M04,1198.93,2212.72,1151.29,16.34,15900.88,6042.09,2015,4,2015M04
664,2015M05,1198.63,2281.8,1140.4,16.83,15803.59,6294.78,2015,5,2015M05
665,2015M06,1181.5,2082.09,1088.82,16.08,15064.94,5833.01,2015,6,2015M06
666,2015M07,1128.31,2000.68,1009.27,15.05,15071.53,5456.75,2015,7,2015M07
667,2015M08,1117.93,1807.64,984.1,14.94,15163.77,5127.3,2015,8,2015M08
668,2015M09,1124.77,1720.23,964.38,14.75,15453.34,5217.25,2015,9,2015M09
669,2015M10,1159.25,1724.34,976.91,15.81,15794.61,5216.09,2015,10,2015M10
670,2015M11,1086.44,1583.31,885.2,14.45,14745.29,4799.9,2015,11,2015M11
671,2015M12,1075.74,1527.79,859.82,14.13,14691.69,4638.83,2015,12,2015M12
672,2016M01,1097.91,1520.36,855.25,14.11,13808.08,4471.79,2016,1,2016M01
673,2016M02,1199.5,1709.85,919.35,15.17,15610.14,4598.62,2016,2,2016M02
674,2016M03,1245.14,1801.69,967.73,15.47,16897.6,4953.8,2016,3,2016M03
675,2016M04,1242.26,1855.37,994.19,16.36,17032.71,4872.74,2016,4,2016M04
676,2016M05,1260.95,1869.03,1035.86,16.95,16706.95,4694.54,2016,5,2016M05
677,2016M06,1276.4,2026.19,984.14,17.29,16966.69,4641.97,2016,6,2016M06
678,2016M07,1336.66,2183.25,1087.5,19.99,17826.23,4864.9,2016,7,2016M07
679,2016M08,1340.17,2279.14,1121.65,19.59,18427.02,4751.67,2016,8,2016M08
680,2016M09,1326.61,2292.31,1046.71,19.36,19499.52,4722.2,2016,9,2016M09
681,2016M10,1266.55,2311.5,959.14,17.66,20099.76,4731.26,2016,10,2016M10
682,2016M11,1238.35,2566.2,955.14,17.41,21126.09,5450.93,2016,11,2016M11
683,2016M12,1157.36,2664.81,918.38,16.43,21204.35,5660.35,2016,12,2016M12
684,2017M01,1192.1,2714.8,971.15,16.9,20691.79,5754.56,2017,1,2017M01
685,2017M02,1234.2,2845.55,1007.63,17.93,19446.47,5940.91,2017,2,2017M02
686,2017M03,1231.42,2776.88,962.87,17.63,19875.2,5824.63,2017,3,2017M03
687,2017M04,1266.88,2614.92,960.84,18.03,19910.32,5683.9,2017,4,2017M04
688,2017M05,1246.04,2590.21,930.27,16.75,20200.33,5599.56,2017,5,2017M05
689,2017M06,1260.26,2573.4,930.73,16.93,19658.84,5719.76,2017,6,2017M06
690,2017M07,1236.84,2787.19,918.9,16.15,20223.48,5985.12,2017,7,2017M07
691,2017M08,1283.04,2980.73,972.7,16.95,20521,6485.63,2017,8,2017M08
692,2017M09,1314.07,3116.86,964.1,17.43,20796.62,6577.17,2017,9,2017M09
693,2017M10,1279.51,3264.6,921,16.94,20376.09,6807.6,2017,10,2017M10
694,2017M11,1281.9,3229.31,934.05,16.98,19557.52,6826.55,2017,11,2017M11
695,2017M12,1264.45,3195.95,907.2,16.17,19476.37,6833.89,2017,12,2017M12
696,2018M01,1331.3,3441.52,990.12,17.13,20696.91,7065.85,2018,1,2018M01
697,2018M02,1330.73,3532.9,987.26,16.58,21651.55,7006.52,2018,2,2018M02
698,2018M03,1324.66,3269.18,954.57,16.47,21211.94,6799.18,2018,3,2018M03
699,2018M04,1334.76,3188.05,924.05,16.65,21291.1,6851.51,2018,4,2018M04
700,2018M05,1303.45,3059.87,904.73,16.49,20858.83,6825.27,2018,5,2018M05
701,2018M06,1281.57,3088.57,884.9,16.54,20660.52,6965.86,2018,6,2018M06
702,2018M07,1237.71,2656.13,832,15.72,19729.8,6250.75,2018,7,2018M07
703,2018M08,1201.71,2512,804.91,14.99,19228.77,6051.05,2018,8,2018M08
704,2018M09,1198.39,2434.68,804.79,14.27,18967.13,6050.76,2018,9,2018M09
705,2018M10,1215.39,2673.67,829.87,14.6,19121.48,6219.59,2018,10,2018M10
706,2018M11,1220.65,2595.69,846.19,14.35,19064.86,6195.92,2018,11,2018M11
707,2018M12,1250.4,2616.29,791.16,14.77,19259.58,6075.32,2018,12,2018M12
708,2019M01,1291.75,2569.7,806.77,15.62,20457.75,5939.1,2019,1,2019M01
709,2019M02,1320.07,2707.19,818.15,15.82,21263.95,6300.49,2019,2,2019M02
710,2019M03,1300.9,2850.6,842.81,15.3,21393.4,6439.46,2019,3,2019M03
711,2019M04,1285.91,2932.65,887.29,15.06,20604.3,6438.36,2019,4,2019M04
712,2019M05,1283.7,2742.81,833.55,14.66,19523.9,6017.9,2019,5,2019M05
713,2019M06,1359.04,2601.22,808.2,15.04,19193.2,5882.23,2019,6,2019M06
714,2019M07,1412.89,2446.51,843.95,15.79,17977.85,5941.2,2019,7,2019M07
715,2019M08,1500.41,2273.01,859.14,17.22,16608.99,5709.44,2019,8,2019M08
716,2019M09,1510.58,2331.56,944.7,18.16,16830.62,5759.25,2019,9,2019M09
717,2019M10,1494.81,2451.65,897.26,17.65,16603.39,5757.3,2019,10,2019M10
718,2019M11,1470.79,2425.48,901.8,17.17,16335.48,5859.95,2019,11,2019M11
719,2019M12,1479.13,2272.54,924.25,17.14,17141.05,6077.06,2019,12,2019M12
720,2020M01,1560.67,2354.31,987.36,17.97,17029.18,6031.21,2020,1,2020M01
721,2020M02,1597.1,2113.24,961.1,17.88,16480.3,5687.75,2020,2,2020M02
722,2020M03,1591.93,1903.63,759,14.88,15290.91,5182.63,2020,3,2020M03
723,2020M04,1683.17,1903.37,753.86,15.07,14952.8,5057.97,2020,4,2020M04
724,2020M05,1715.91,1975.32,790.22,16.26,15401.92,5239.83,2020,5,2020M05
725,2020M06,1732.22,2025.71,820.77,17.71,16837.84,5754.6,2020,6,2020M06
726,2020M07,1846.51,2177.2,864.64,20.65,17469.92,6372.46,2020,7,2020M07
727,2020M08,1968.63,2410.05,940.33,27,17650.03,6498.94,2020,8,2020M08
728,2020M09,1921.92,2442.46,907.62,25.74,17951.26,6704.9,2020,9,2020M09
729,2020M10,1900.27,2440.65,876.27,24.23,18176.59,6713.81,2020,10,2020M10
730,2020M11,1866.3,2671.6,911.55,24.08,18522.48,7068.91,2020,11,2020M11
731,2020M12,1858.42,2779.85,1028,24.97,19731.96,7772.24,2020,12,2020M12
732,2021M01,1866.98,2705.34,1090.95,25.88,21920.24,7972.15,2021,1,2021M01
733,2021M02,1808.17,2744.5,1206.7,27.29,26315.75,8470.94,2021,2,2021M02
734,2021M03,1718.23,2791.94,1181,25.65,27061,8988.25,2021,3,2021M03
735,2021M04,1760.04,2829.01,1208.81,25.69,28328.42,9324.82,2021,4,2021M04
736,2021M05,1850.26,2965.73,1214,27.5,32246.21,10161.97,2021,5,2021M05
737,2021M06,1834.57,2951.85,1124,27,32502.55,9631.5,2021,6,2021M06
738,2021M07,1807.84,2947.52,1086.48,25.68,34020.18,9450.82,2021,7,2021M07
739,2021M08,1785.28,2987.95,1008.73,23.99,35024,9370.14,2021,8,2021M08
740,2021M09,1775.14,3036.02,973.19,23.19,34887.3,9324.71,2021,9,2021M09
,,,,,,,,,,
,,,,,,,,,,
,,,,,,,,,,
,,,,,,,,,,
,,,,,,,,,,
